city_name,lat,lon,reg_id
백령도,37.9591,124.6655,11A00101
서울,37.5518911,126.9917937,11B10101
과천,37.4338294,127.0027656,11B10102
광명,37.4451612,126.8646989,11B10103
강화,37.7065047,126.4433977,11B20101
김포,37.6818227,126.6265338,11B20102
인천,37.4562557,126.7052062,11B20201
시흥,37.3864796,126.7841675,11B20202
안산,37.3218778,126.8308848,11B20203
부천,37.5042687,126.7886531,11B20204
의정부,37.7361884,127.0684356,11B20301
고양,37.6650719,126.8369961,11B20302
양주,37.8086632,127.001143,11B20304
파주,37.8544244,126.8115232,11B20305
동두천,37.916543,127.0779171,11B20401
연천,38.0964416,127.0275846,11B20402
포천,37.9697852,127.2502925,11B20403
가평,37.8184719,127.4502156,11B20404
구리,37.5993,127.1316,11B20501
남양주,37.6625097,127.2436632,11B20502
양평,37.5180465,127.5792445,11B20503
하남,37.5228824,127.2059921,11B20504
수원,37.2803896,127.0077847,11B20601
안양,37.4027313,126.9279179,11B20602
오산,37.1632991,127.0513324,11B20603
화성,37.1502,127.1046,11B20604
성남,37.4073695,127.1162181,11B20605
평택,37.0159677,126.9941853,11B20606
의왕,37.3624626,126.9896996,11B20609
군포,37.3434691,126.9211003,11B20610
안성,37.035033,127.3027301,11B20611
용인,37.2214872,127.2218612,11B20612
이천,37.2097769,127.4810494,11B20701
광주,35.1557358,126.8354271,11B20702
여주,37.3024585,127.6157502,11B20703
충주,37.0151461,127.8956693,11C10101
진천,36.8708978,127.4405915,11C10102
음성,36.9761637,127.6142294,11C10103
제천,37.0597328,128.141005,11C10201
단양,36.9941896,128.3877555,11C10202
청주,36.6272962,127.498731,11C10301
보은,36.4899504,127.729342,11C10302
괴산,36.7697608,127.8294253,11C10303
증평,36.7864783,127.6046068,11C10304
추풍령,36.2066667,128.005,11C10401
영동,36.1597002,127.8142287,11C10402
옥천,36.3203938,127.6566592,11C10403
서산,36.7844993,126.4503169,11C20101
태안,36.7456421,126.2980528,11C20102
당진,36.9023743,126.6545022,11C20103
홍성,36.5697577,126.6253106,11C20104
보령,36.3331629,126.6129441,11C20201
서천,36.0803312,126.6913277,11C20202
천안,36.804138,127.2025586,11C20301
아산,36.8073191,126.980066,11C20302
예산,36.6706373,126.7843178,11C20303
대전,36.3398175,127.3940486,11C20401
공주,36.47982,127.0752196,11C20402
계룡,36.2915841,127.2344325,11C20403
세종,36.5606976,127.2587334,11C20404
부여,36.2463459,126.856897,11C20501
청양,36.4307266,126.8529299,11C20502
금산,36.1190235,127.4782791,11C20601
논산,36.1908784,127.1577341,11C20602
철원,38.2434576,127.4141162,11D10101
화천,38.1383179,127.6849292,11D10102
인제,38.0688048,128.263324,11D10201
양구,38.178176,128.001272,11D10202
춘천,37.8897796,127.7398952,11D10301
홍천,37.7450683,128.0742344,11D10302
원주,37.3082307,127.9294889,11D10401
횡성,37.5089632,128.0770982,11D10402
영월,37.2039413,128.500649,11D10501
정선,37.3786668,128.7390494,11D10502
평창,37.556735,128.4826261,11D10503
대관령,37.6871367,128.7605707,11D20201
태백,37.1722939,128.9800161,11D20301
속초,38.17601,128.5194615,11D20401
고성,38.3773762,128.3997526,11D20402
양양,38.0045219,128.5950959,11D20403
강릉,37.7091295,128.8324462,11D20501
동해,37.5067666,129.0555852,11D20601
삼척,37.2773968,129.1220028,11D20602
울릉도,37.5063677,130.8571536,11E00101
독도,37.2429362803633,131.866842079352,11E00102
전주,35.8280463,127.1160156,11F10201
익산,36.0230799,126.9894962,11F10202
정읍,35.6026273,126.9058607,11F10203
완주,35.9226113,127.2229862,11F10204
장수,35.6574424,127.5441988,11F10301
무주,35.9393652,127.7129454,11F10302
진안,35.8287825,127.4300174,11F10303
남원,35.4225506,127.4418975,11F10401
임실,35.5981956,127.2366461,11F10402
순창,35.4336326,127.0899527,11F10403
군산,35.9676772,126.7366293,21F10501
김제,35.8068736,126.8961044,21F10502
고창,35.4358216,126.7020806,21F10601
부안,35.7315660999999,126.7334651,21F10602
함평,35.1126823,126.5355523,21F20101
영광,35.2771719,126.5119874,21F20102
진도,34.4868712,126.2634853,21F20201
완도,34.3110596,126.7550541,11F20301
해남,34.5732516,126.5989274,11F20302
강진,34.6205005,126.7721492,11F20303
장흥,34.6816856,126.9069278,11F20304
여수,34.7603737,127.6622221,11F20401
광양,35.0286487,127.6494094,11F20402
고흥,34.6112219,127.284978,11F20403
보성,34.8144789,127.1607138,11F20404
순천시,34.9946567,127.3894958,11F20405
광주,35.1557358,126.8354271,11F20501
장성,35.3296385,126.7685447,11F20502
나주,34.9883585,126.7201733,11F20503
담양,35.291486,126.9952909,11F20504
화순,35.0081798,127.0334394,11F20505
구례,35.2369475,127.5030874,11F20601
곡성,35.2168,127.2678,11F20602
순천,34.9946567,127.3894958,11F20603
흑산도,34.6706637,125.4196376,11F20701
목포,34.8118351,126.3921664,21F20801
영암,34.7957261,126.6235896,21F20802
신안,34.827332,126.101074,21F20803
무안,34.9904541999999,126.4816856,21F20804
성산,35.9071362,128.2336152,11G00101
제주,33.4996213,126.5311884,11G00201
성판악,33.3846801,126.6203733,11G00302
서귀포,33.2541205,126.560076,11G00401
이어도,33.0708,126.2107,11G00601
추자도,33.9470135,126.3200969,11G00800
울진,36.9038993,129.3124073,11H10101
영덕,36.4823919,129.3173955,11H10102
포항,36.0929227,129.3052666,11H10201
경주,35.8266161,129.235988,11H10202
문경,36.6910006,128.1488468,11H10301
상주,36.4295654,128.0669313,11H10302
예천,36.6540137,128.4224359,11H10303
영주,36.8705017,128.5976721,11H10401
봉화,36.9341307,128.9128821,11H10402
영양,36.6964131,129.1450322,11H10403
안동,36.5802373,128.7800357,11H10501
의성,36.3620052,128.6151413,11H10502
청송,36.3569355,129.0574298,11H10503
김천,36.0603835,128.0777247,11H10601
구미,36.207309,128.3555532,11H10602
군위,36.1701654,128.6482363,11H10707
고령,35.7370027,128.3055253,11H10604
성주,35.9071362,128.2336152,11H10605
대구,35.8294374,128.5655119,11H10701
영천,36.0156997,128.9427024,11H10702
경산,35.8337972,128.8090748,11H10703
청도,35.6739247,128.7832658,11H10704
칠곡,36.0153963,128.4629995,11H10705
울산,35.5537228,129.2380554,11H20101
양산,35.4018747,129.0410269,11H20102
부산,35.2100142,129.0688702,11H20201
창원,35.2028593,128.6000923,11H20301
김해,35.2721355,128.8452281,11H20304
통영,34.8544227,128.433182,11H20401
사천,35.0481566,128.1102419,11H20402
거제,34.8806427,128.6210824,11H20403
고성,38.3773762,128.3997526,11H20404
남해,34.8376721,127.8924234,11H20405
함양,35.5516407,127.7220624,11H20501
거창,35.7325671,127.9042308,11H20502
합천,35.576844,128.1421921,11H20503
밀양,35.4984942,128.7895971,11H20601
의령,35.3924481,128.2770734,11H20602
함안,35.2909696,128.4308338,11H20603
창녕,35.5083094,128.4931971,11H20604
진주,35.205153,128.1297905,11H20701
산청,35.368606,127.8843338,11H20703
하동,35.1381776,127.779014,11H20704
사리원,38.5023428,125.7516069,11I10001
신계,22.3704243,114.1234149,11I10002
해주,38.0375021,125.7079231,11I20001
개성,37.8537764,126.5661908,11I20002
신의주,40.0823213,124.4489192,11J10001
삭주(수풍),40.4485383,124.9442441,11J10002
구성,39.9474202,125.2230626,11J10003
강계,40.9676726,126.5990916,11J10005
희천,40.172424,126.2773134,11J10006
평양,39.0392193,125.7625241,11J20001
진남포(남포),38.7337168,125.412307,11J20002
양덕,39.2206329,126.6519806,11J20005
청진,41.7669671,129.723402,11K10001
웅기(선봉),42.3383958,130.3874889,11K10002
성진(김책),40.668162,129.1902694,11K10003
함흥,39.9838002,127.6124553,11K20001
혜산,41.387384,128.1744945,11K20004
원산,39.1538529,127.4460001,11L10001
고성(장전),35.0165117,128.2907283,11L10002
평강,38.4818662,127.2544065,11L10003
